geneName,name,spacer
TP53,TP53_valid_01,GAGTCTCTCAGCTGGTACAC
TP53,TP53_valid_02,ACTGTCAGTACGATCGTGCA
TP53,TP53_short_01,ATCGTACGATCGTACGAT
EGFR,EGFR_valid_01,TTCGACGATGCTAGTCAGTA
EGFR,EGFR_valid_02,CGTACGATTCGAGTACCTGA
EGFR,EGFR_long_01,ATGCGTACGATCGTACGATCGA
MYC,MYC_valid_01,GCTAGTCGATCGTACGATCA
MYC,MYC_valid_02,TAGCTACGATGCTAGCATGC
BRCA1,BRCA1_valid_01,CGATGTCAGTACGATGCTAC
BRCA1,BRCA1_valid_02,ATCGGTACTGACGTAGCTTA
KRAS,KRAS_valid_01,GTCAGTACGATCGATGCTAA
KRAS,KRAS_valid_02,CTAGTCGATGACCTAGTCGA
CFTR,CFTR_valid_01,TGACGATCGTACTGACGTCA
CFTR,CFTR_valid_02,ACGTAGTCGATGCTAGTCAG
ALK,ALK_valid_01,GATCGTACTGATCGTACGTA
ALK,ALK_valid_02,TCGATGCTAGTCGATACGTC
