name,spacer
TR-tgt12,GAGTCTCTCAGCTGGTACAC
TR-tgt25,CAGATACGAACCTAAACTTT
TR-tgt28,AGGAGGAGGATTCGGAACCC
BM-tgt12,AGTGGGGGTGAATTCAGTGT
CSH-tgt3,GGTGTACAGCAGTGGCTGGT
CLB-tgt6,CCTGATACATATCAGCATTT
PD-tgt19,GCACGAAGCTCTCCGATGTG
TGT-tgt25,GAAGAAAGCCCTCAGAATCC
ADM17-tgt82,CTTGGATCTTGGCAAGTGTA
PRM1-tgt3,AAGAGAAGTGTACATACATT
CSH-tgt3,GGTGTACAGCAGTGGCTGGT
TIGIT-tgt26,TCCTGAGGTCACCTTCCACA
TIM3-tgt15,CAAGGATGCTTACCACCAGG
TIM3-tgt7,GCCAGTATCTGGATGTCCAA
LAG3-tgt18,TGTGGAGCTCTCTGGACACC
LAG3-tgt4,GGGTGCATACCTGTCTGGCT
AAVS1-tgt32,CCTGTGAGATAAGGCCAGTA
